file,time
test.geojson,0.1409124719993997
test.gpkg,0.09520208899994032
